Elevator call,4.993816266,-6,78,0,0,0,1
Elevator call,18.77917039,-9,-7,0,7,1,1
Elevator call,19.38707866,-1,5,0,8,2,1
Elevator call,20.32751752,-1,-5,0,1,3,-1
Elevator call,27.99997326,-1,55,0,8,4,1
Elevator call,29.91723962,-2,64,0,7,5,1
Elevator call,38.28582116,-4,68,0,0,6,1
Elevator call,39.19202924,-4,6,0,1,7,1
Elevator call,39.6971041,0,95,0,1,8,1
Elevator call,49.43307426,-2,-4,0,2,9,-1
Elevator call,54.19643679,-6,8,0,3,10,1
Elevator call,57.4053197,-3,7,0,8,11,1
Elevator call,63.05259876,-5,-1,0,0,12,1
Elevator call,79.37736412,-3,85,0,0,13,1
Elevator call,89.4285159,-5,19,0,7,14,1
Elevator call,92.15048695,-9,40,0,8,15,1
Elevator call,96.61997032,-6,39,0,7,16,1
Elevator call,108.6420489,-2,44,0,0,17,1
Elevator call,111.6270815,-3,-8,0,8,18,-1
Elevator call,116.7206903,-2,67,0,8,19,1
Elevator call,117.9341393,-2,70,0,0,20,1
Elevator call,133.3453959,-9,47,0,7,21,1
Elevator call,134.003558,-6,98,0,7,22,1
Elevator call,140.5209525,-6,54,0,1,23,1
Elevator call,142.0780896,-8,13,0,2,24,1
Elevator call,146.7629329,0,73,0,2,25,1
Elevator call,147.4439262,-7,67,0,1,26,1
Elevator call,151.6163013,-6,0,0,8,27,1
Elevator call,159.1776651,0,7,0,0,28,1
Elevator call,170.1571219,-6,51,0,0,29,1
Elevator call,173.2539258,62,87,0,8,30,1
Elevator call,174.9139487,-4,48,0,8,31,1
Elevator call,177.914669,-2,10,0,7,32,1
Elevator call,179.4121157,-2,26,0,7,33,1
Elevator call,188.6936022,-6,-7,0,3,34,-1
Elevator call,197.442433,-7,75,0,3,35,1
Elevator call,202.6306173,-2,0,0,0,36,1
Elevator call,203.2352417,-8,38,0,0,37,1
Elevator call,209.3508155,27,-4,0,7,38,-1
Elevator call,209.9785016,-3,4,0,1,39,1
Elevator call,210.9063053,94,-2,0,7,40,-1
Elevator call,211.3293187,-2,37,0,1,41,1
Elevator call,217.2229099,-9,49,0,8,42,1
Elevator call,218.0743446,52,87,0,8,43,1
Elevator call,219.8159878,-9,36,0,2,44,1
Elevator call,220.7687355,93,-4,0,0,45,-1
Elevator call,224.3119838,-5,-8,0,4,46,-1
Elevator call,231.5665188,10,62,0,4,47,1
Elevator call,238.4981901,-3,-2,0,5,48,1
Elevator call,249.1457817,-1,20,0,1,49,1
Elevator call,249.4715393,-5,0,0,9,50,1
Elevator call,254.5034433,-3,43,0,1,51,1
Elevator call,255.1145315,-5,15,0,2,52,1
Elevator call,257.2984921,-3,-9,0,3,53,-1
Elevator call,260.3834918,-8,22,0,8,54,1
Elevator call,266.894697,81,-5,0,7,55,-1
Elevator call,270.3465009,-3,-4,0,5,56,-1
Elevator call,272.4308394,-9,91,0,8,57,1
Elevator call,278.807361,-5,26,0,5,58,1
Elevator call,285.4590042,-4,82,0,0,59,1
Elevator call,299.0623869,-9,34,0,7,60,1
Elevator call,303.5884504,-4,49,0,7,61,1
Elevator call,305.1612057,-9,7,0,1,62,1
Elevator call,307.1772882,-4,52,0,0,63,1
Elevator call,310.1052389,38,-3,0,0,64,-1
Elevator call,310.2471598,-8,16,0,1,65,1
Elevator call,310.4366008,9,-5,0,2,66,-1
Elevator call,310.6589569,-2,-5,0,3,67,-1
Elevator call,314.4656937,-8,-6,0,8,68,1
Elevator call,318.6388016,-5,20,0,8,69,1
Elevator call,326.5863964,-7,-2,0,4,70,1
Elevator call,334.8964003,-6,6,0,3,71,1
Elevator call,338.345511,-8,14,0,7,72,1
Elevator call,346.0955137,-8,39,0,8,73,1
Elevator call,361.6454981,-7,63,0,0,74,1
Elevator call,363.8472275,-5,-3,0,7,75,1
Elevator call,381.3197156,-7,14,0,0,76,1
Elevator call,388.5150303,-4,58,0,0,77,1
Elevator call,394.2587745,-2,-6,0,7,78,-1
Elevator call,394.956887,-9,-2,0,8,79,1
Elevator call,396.0105324,-7,95,0,7,80,1
Elevator call,396.1162808,0,26,0,8,81,1
Elevator call,397.8285609,46,75,0,1,82,1
Elevator call,398.5204057,-4,28,0,2,83,1
Elevator call,399.9490901,-1,36,0,3,84,1
Elevator call,400.2358983,-5,77,0,8,85,1
Elevator call,403.0808709,-6,60,0,1,86,1
Elevator call,420.9026743,-3,12,0,4,87,1
Elevator call,424.9773031,71,0,0,0,88,-1
Elevator call,431.6381373,-6,87,0,7,89,1
Elevator call,438.3698754,-3,-4,0,2,90,-1
Elevator call,440.9104056,-7,-2,0,3,91,1
Elevator call,442.4802432,38,58,0,7,92,1
Elevator call,445.2255437,-3,17,0,2,93,1
Elevator call,447.8210019,82,10,0,0,94,-1
Elevator call,448.3721943,-9,31,0,8,95,1
Elevator call,448.552728,-7,0,0,4,96,1
Elevator call,449.6414067,-5,0,0,5,97,1
Elevator call,458.5749347,0,75,0,8,98,1
Elevator call,464.0505259,-8,98,0,5,99,1
Elevator call,467.1243026,-9,27,0,1,100,1
Elevator call,471.1846232,-8,10,0,3,101,1
Elevator call,473.8240202,-6,-7,0,4,102,-1
Elevator call,486.1883161,32,71,0,7,103,1
Elevator call,494.2575702,-6,-9,0,1,104,-1
Elevator call,499.0640401,-9,-5,0,8,105,1
Elevator call,505.4291883,-5,41,0,8,106,1
Elevator call,505.5712471,-2,93,0,1,107,1
Elevator call,507.8962435,0,14,0,0,108,1
Elevator call,508.3883649,-5,67,0,0,109,1
Elevator call,508.4388148,-6,-3,0,7,110,1
Elevator call,510.1509569,-5,21,0,7,111,1
Elevator call,512.7410981,-2,86,0,7,112,1
Elevator call,513.368894,-5,57,0,8,113,1
Elevator call,524.106974,30,57,0,2,114,1
Elevator call,530.1742255,-1,68,0,0,115,1
Elevator call,530.5850251,-1,62,0,3,116,1
Elevator call,530.7421166,-2,-6,0,4,117,-1
Elevator call,531.7404459,-9,40,0,4,118,1
Elevator call,537.0715275,15,90,0,2,119,1
Elevator call,543.7683459,-6,8,0,9,120,1
Elevator call,554.6943398,-5,27,0,1,121,1
Elevator call,556.8993874,0,19,0,1,122,1
Elevator call,557.5557042,0,38,0,9,123,1
Elevator call,559.8911164,-4,20,0,5,124,1
Elevator call,562.5015579,-1,34,0,7,125,1
Elevator call,570.7233224,-1,64,0,7,126,1
Elevator call,573.8367445,-2,-9,0,8,127,-1
Elevator call,574.4289444,-1,53,0,8,128,1
Elevator call,579.4289603,0,-9,0,3,129,-1
Elevator call,579.4300589,-5,-8,0,6,130,-1
Elevator call,582.4748234,-2,16,0,0,131,1
Elevator call,584.3936095,-1,48,0,0,132,1
Elevator call,587.5065401,0,59,0,3,133,1
Elevator call,589.3301865,-4,46,0,6,134,1
Elevator call,590.6208994,-6,100,0,8,135,1
Elevator call,591.097541,69,-6,0,0,136,-1
Elevator call,591.5126538,-6,47,0,7,137,1
Elevator call,591.6646715,11,-9,0,5,138,-1
Elevator call,593.1685914,-8,59,0,5,139,1
Elevator call,615.2556148,46,-3,0,1,140,-1
Elevator call,620.2579901,0,85,0,1,141,1
Elevator call,620.9525098,-9,0,0,2,142,1
Elevator call,623.0223449,-8,-6,0,4,143,1
Elevator call,623.5552751,-2,-3,0,2,144,-1
Elevator call,623.6992666,-1,40,0,4,145,1
Elevator call,626.5389501,-3,42,0,2,146,1
Elevator call,627.5033707,-9,24,0,9,147,1
Elevator call,635.7897844,11,83,0,9,148,1
Elevator call,645.5114708,-1,44,0,7,149,1
Elevator call,647.6019129,-7,21,0,8,150,1
Elevator call,648.3122719,0,99,0,8,151,1
Elevator call,667.5999958,-8,-7,0,0,152,1
Elevator call,675.5144665,0,-1,0,7,153,-1
Elevator call,679.5895248,-7,10,0,7,154,1
Elevator call,680.0181347,0,56,0,0,155,1
Elevator call,680.2298063,-8,18,0,1,156,1
Elevator call,688.1143087,40,15,0,8,157,-1
Elevator call,689.1432792,-7,60,0,8,158,1
Elevator call,695.0796471,89,-4,0,0,159,-1
Elevator call,695.4237523,98,-7,0,1,160,-1
Elevator call,696.4893354,-4,23,0,3,161,1
Elevator call,703.8816827,-1,58,0,7,162,1
Elevator call,705.1407578,0,82,0,3,163,1
Elevator call,705.5274933,21,-1,0,2,164,-1
Elevator call,708.9815521,-2,30,0,2,165,1
Elevator call,717.1956643,93,-4,0,8,166,-1
Elevator call,717.7965299,-9,61,0,0,167,1
Elevator call,727.6758894,-5,0,0,4,168,1
Elevator call,728.4993237,-4,57,0,4,169,1
Elevator call,733.050528,-2,19,0,5,170,1
Elevator call,741.8722441,-4,67,0,5,171,1
Elevator call,744.975962,38,2,0,9,172,-1
Elevator call,749.8657281,-8,-1,0,7,173,1
Elevator call,758.449075,-3,-2,0,1,174,1
Elevator call,762.2945288,-7,7,0,7,175,1
Elevator call,765.1796994,-7,28,0,1,176,1
Elevator call,768.9310982,53,88,0,7,177,1
Elevator call,775.7804832,-6,81,0,1,178,1
Elevator call,777.0797168,53,81,0,2,179,1
Elevator call,781.7375131,-2,42,0,3,180,1
Elevator call,787.8154399,-6,27,0,0,181,1
Elevator call,789.2940004,-1,74,0,0,182,1
Elevator call,790.8499981,-7,52,0,8,183,1
Elevator call,793.7757239,-7,-5,0,4,184,1
Elevator call,799.8678033,-6,99,0,8,185,1
Elevator call,809.0059079,-5,-3,0,9,186,1
Elevator call,818.5716721,-8,3,0,7,187,1
Elevator call,819.097396,30,89,0,7,188,1
Elevator call,822.1388046,-5,55,0,9,189,1
Elevator call,827.0483923,91,-4,0,0,190,-1
Elevator call,833.2953788,41,0,0,2,191,-1
Elevator call,833.6807039,-1,98,0,0,192,1
Elevator call,836.3100864,0,97,0,2,193,1
Elevator call,840.9085198,10,50,0,1,194,1
Elevator call,849.1185428,-7,-4,0,8,195,1
Elevator call,851.8260477,-8,97,0,8,196,1
Elevator call,854.1199583,-7,74,0,7,197,1
Elevator call,858.5727487,55,-1,0,7,198,-1
Elevator call,859.4091706,-9,28,0,3,199,1
Elevator call,863.6615832,-8,-9,0,1,200,-1
Elevator call,865.092483,-4,40,0,1,201,1
Elevator call,869.6484008,3,42,0,3,202,1
Elevator call,871.0751116,-6,8,0,4,203,1
Elevator call,871.1514322,97,-3,0,8,204,-1
Elevator call,881.7224099,-5,-1,0,5,205,1
Elevator call,891.7829187,-8,2,0,0,206,1
Elevator call,902.6902755,-3,5,0,1,207,1
Elevator call,905.712501,-1,48,0,0,208,1
Elevator call,909.6448107,-2,27,0,7,209,1
Elevator call,917.9214409,25,-6,0,7,210,-1
Elevator call,920.9559778,-9,-5,0,1,211,1
Elevator call,921.3280125,-3,22,0,1,212,1
Elevator call,933.7495735,-9,48,0,0,213,1
Elevator call,943.2097309,97,-6,0,8,214,-1
Elevator call,946.5950264,63,-1,0,0,215,-1
Elevator call,946.7757799,-7,-3,0,2,216,1
Elevator call,948.3431624,0,-8,0,3,217,-1
Elevator call,949.8446878,0,30,0,7,218,1
Elevator call,958.3487961,83,-3,0,7,219,-1
Elevator call,959.3376168,-4,83,0,2,220,1
Elevator call,971.040647,-4,-5,0,1,221,-1
Elevator call,975.3682526,90,-6,0,1,222,-1
Elevator call,977.7982492,-2,-7,0,8,223,-1
Elevator call,979.9614793,-3,46,0,8,224,1
Elevator call,986.5198213,-7,22,0,3,225,1
Elevator call,991.4242739,-5,21,0,0,226,1
Elevator call,998.2390349,80,-3,0,0,227,-1
Elevator call,1006.789062,0,95,0,7,228,1
Elevator call,1009.285438,6,-3,0,8,229,-1
Elevator call,1010.536089,-2,0,0,8,230,1
Elevator call,1014.29043,-5,51,0,8,231,1
Elevator call,1021.316767,-5,26,0,2,232,1
Elevator call,1026.174766,-7,65,0,7,233,1
Elevator call,1042.43979,-8,29,0,0,234,1
Elevator call,1043.942786,-2,41,0,0,235,1
Elevator call,1046.27946,-3,-8,0,1,236,-1
Elevator call,1049.195541,-6,63,0,1,237,1
Elevator call,1049.611992,-6,72,0,0,238,1
Elevator call,1050.147823,-7,48,0,2,239,1
Elevator call,1054.920057,-4,6,0,3,240,1
Elevator call,1058.342538,-6,86,0,8,241,1
Elevator call,1061.349789,-1,51,0,3,242,1
Elevator call,1064.797345,-7,96,0,8,243,1
Elevator call,1065.29132,-1,37,0,4,244,1
Elevator call,1068.160014,-5,43,0,7,245,1
Elevator call,1072.094044,-6,100,0,7,246,1
Elevator call,1080.582291,92,78,0,7,247,-1
Elevator call,1084.527939,-5,78,0,2,248,1
Elevator call,1086.039503,-5,-9,0,5,249,-1
Elevator call,1086.956474,-7,-8,0,9,250,-1
Elevator call,1095.264029,-2,63,0,1,251,1
Elevator call,1095.64592,-3,-1,0,6,252,1
Elevator call,1097.84401,10,-6,0,1,253,-1
Elevator call,1099.301028,82,16,0,4,254,-1
Elevator call,1106.739815,0,91,0,0,255,1
Elevator call,1107.520886,16,-9,0,0,256,-1
Elevator call,1107.803681,9,-4,0,5,257,-1
Elevator call,1116.199471,98,-3,0,8,258,-1
Elevator call,1117.344193,30,-1,0,3,259,-1
Elevator call,1119.289652,-2,3,0,9,260,1
Elevator call,1127.897553,-8,87,0,9,261,1
Elevator call,1129.148014,-3,0,0,2,262,1
Elevator call,1131.379218,-4,-6,0,6,263,-1
Elevator call,1132.967464,14,78,0,2,264,1
Elevator call,1134.429397,-6,49,0,6,265,1
Elevator call,1140.767211,-4,1,0,1,266,1
Elevator call,1146.058598,68,-6,0,0,267,-1
Elevator call,1147.245186,-6,48,0,7,268,1
Elevator call,1147.540681,-9,34,0,1,269,1
Elevator call,1152.774369,64,-4,0,8,270,-1
Elevator call,1157.405529,-9,87,0,7,271,1
Elevator call,1160.222251,20,64,0,8,272,1
Elevator call,1161.12852,-1,-2,0,3,273,-1
Elevator call,1162.924896,-6,-5,0,5,274,1
Elevator call,1164.675592,-7,26,0,3,275,1
Elevator call,1170.902997,-4,24,0,0,276,1
Elevator call,1171.911689,-9,49,0,5,277,1
Elevator call,1176.099412,0,13,0,4,278,1
Elevator call,1179.610122,78,-2,0,7,279,-1
Elevator call,1180.056382,-2,6,0,4,280,1
Elevator call,1180.977471,-1,-2,0,1,281,-1
Elevator call,1181.14349,-4,79,0,0,282,1
Elevator call,1182.485641,-7,31,0,8,283,1
Elevator call,1185.004929,28,-7,0,3,284,-1
Elevator call,1185.661559,-5,9,0,1,285,1
Elevator call,1186.765914,-6,99,0,4,286,1
Elevator call,1194.481692,90,55,0,2,287,-1
Elevator call,1195.25532,96,-6,0,2,288,-1
Elevator call,1199.290298,55,58,0,8,289,1
Elevator call,1201.104045,32,90,0,0,290,1
Elevator call,1204.789569,-3,72,0,7,291,1
Elevator call,1205.2364,-9,-7,0,1,292,1
Elevator call,1208.381366,-2,-8,0,8,293,-1
Elevator call,1212.065537,0,-5,0,5,294,-1
Elevator call,1218.880527,59,37,0,0,295,-1
Elevator call,1219.161042,17,39,0,6,296,1
Elevator call,1219.923194,0,90,0,6,297,1
Elevator call,1227.345126,1,-3,0,9,298,-1
Elevator call,1227.851973,47,-6,0,9,299,-1
Elevator call,1229.574003,-6,-1,0,3,300,1
Elevator call,1229.879203,-2,25,0,1,301,1
Elevator call,1230.646349,-2,-8,0,8,302,-1
Elevator call,1235.017454,-8,31,0,5,303,1
Elevator call,1241.659259,-8,-9,0,7,304,-1
Elevator call,1245.640202,-3,-8,0,9,305,-1
Elevator call,1254.814895,-9,97,0,7,306,1
Elevator call,1258.395594,-4,12,0,8,307,1
Elevator call,1261.27653,-6,-9,0,0,308,-1
Elevator call,1261.956664,-2,-8,0,3,309,-1
Elevator call,1265.235282,-5,42,0,1,310,1
Elevator call,1268.243941,-7,-8,0,2,311,-1
Elevator call,1269.89718,-8,85,0,0,312,1
Elevator call,1271.64121,30,-4,0,8,313,-1
Elevator call,1272.17233,0,54,0,9,314,1
Elevator call,1274.608732,-4,-6,0,3,315,-1
Elevator call,1274.978299,-9,33,0,2,316,1
Elevator call,1276.721478,-9,88,0,1,317,1
Elevator call,1277.891301,-3,-8,0,8,318,-1
Elevator call,1278.260219,-4,8,0,7,319,1
Elevator call,1279.151021,-2,15,0,5,320,1
Elevator call,1285.027459,7,21,0,7,321,1
Elevator call,1285.930994,-2,-9,0,4,322,-1
Elevator call,1287.720212,53,70,0,0,323,1
Elevator call,1296.038637,76,-9,0,6,324,-1
Elevator call,1299.288752,76,-6,0,8,325,-1
Elevator call,1300.176956,-5,46,0,4,326,1
Elevator call,1300.836281,-6,-1,0,3,327,1
Elevator call,1307.09279,-3,-1,0,7,328,1
Elevator call,1313.057918,24,-1,0,5,329,-1
Elevator call,1313.764679,-8,95,0,7,330,1
Elevator call,1314.654712,61,-3,0,0,331,-1
Elevator call,1320.318132,70,-6,0,1,332,-1
Elevator call,1320.866249,-9,-5,0,2,333,1
Elevator call,1321.022114,-4,-5,0,3,334,-1
Elevator call,1322.112831,15,74,0,8,335,1
Elevator call,1325.084973,17,-1,0,4,336,-1
Elevator call,1326.544666,-9,28,0,0,337,1
Elevator call,1332.174272,-8,19,0,2,338,1
Elevator call,1333.328774,30,-3,0,9,339,-1
Elevator call,1339.148941,89,-8,0,7,340,-1
Elevator call,1339.363791,11,9,0,5,341,-1
Elevator call,1344.988283,-9,41,0,1,342,1
Elevator call,1347.212163,-1,13,0,3,343,1
Elevator call,1349.530818,2,-7,0,0,344,-1
Elevator call,1352.407526,0,62,0,8,345,1
Elevator call,1352.465742,26,-3,0,4,346,-1
Elevator call,1353.73231,73,66,0,8,347,-1
Elevator call,1354.57397,-5,41,0,0,348,1
Elevator call,1366.393775,81,46,0,1,349,-1
Elevator call,1372.726894,0,-8,0,2,350,-1
Elevator call,1374.774624,93,100,0,7,351,1
Elevator call,1377.493688,1,-4,0,5,352,-1
Elevator call,1386.291241,-6,48,0,3,353,1
Elevator call,1388.080947,-6,-8,0,9,354,-1
Elevator call,1388.870423,63,-4,0,0,355,-1
Elevator call,1392.39172,-1,-2,0,2,356,-1
Elevator call,1396.825617,-1,92,0,5,357,1
Elevator call,1400.056881,-9,84,0,8,358,1
Elevator call,1400.141336,0,16,0,4,359,1
Elevator call,1400.332505,-4,-7,0,9,360,-1
Elevator call,1402.123737,55,-9,0,7,361,-1
Elevator call,1403.016917,71,72,0,1,362,1
Elevator call,1405.11777,-4,-6,0,0,363,-1
Elevator call,1407.498109,0,6,0,2,364,1
Elevator call,1412.288674,80,52,0,8,365,-1
Elevator call,1413.020711,0,-7,0,3,366,-1
Elevator call,1413.75081,-9,17,0,6,367,1
Elevator call,1416.329017,-6,6,0,0,368,1
Elevator call,1418.84904,65,59,0,1,369,-1
Elevator call,1419.368465,-8,75,0,7,370,1
Elevator call,1420.934776,92,-9,0,8,371,-1
Elevator call,1425.935354,-6,35,0,9,372,1
Elevator call,1444.605421,-8,0,0,3,373,1
Elevator call,1445.03709,0,89,0,4,374,1
Elevator call,1449.226658,-8,22,0,2,375,1
Elevator call,1449.598333,-1,-3,0,0,376,-1
Elevator call,1456.036356,-4,37,0,0,377,1
Elevator call,1457.25066,-5,58,0,3,378,1
Elevator call,1458.720727,15,-4,0,7,379,-1
Elevator call,1460.217435,53,-7,0,1,380,-1
Elevator call,1464.563308,6,0,0,7,381,-1
Elevator call,1470.747509,6,14,0,2,382,1
Elevator call,1472.903915,-3,0,0,0,383,1
Elevator call,1472.926397,-9,20,0,8,384,1
Elevator call,1478.065751,63,29,0,5,385,-1
Elevator call,1489.216351,-7,-2,0,7,386,1
Elevator call,1489.591375,22,-1,0,6,387,-1
Elevator call,1490.140187,-2,25,0,0,388,1
Elevator call,1491.235679,-7,-6,0,1,389,1
Elevator call,1491.987672,96,55,0,4,390,-1
Elevator call,1492.211732,80,-5,0,3,391,-1
Elevator call,1499.110151,20,-5,0,9,392,-1
Elevator call,1501.05948,-2,88,0,7,393,1
Elevator call,1505.153199,0,-5,0,2,394,-1
Elevator call,1509.614471,29,0,0,8,395,-1
Elevator call,1511.149938,-9,29,0,0,396,1
Elevator call,1512.643229,-6,-7,0,1,397,-1
Elevator call,1512.71035,-7,-8,0,8,398,-1
Elevator call,1513.281582,14,-5,0,5,399,-1
Elevator call,1515.276254,-9,57,0,2,400,1
Elevator call,1516.90458,-3,17,0,0,401,1
Elevator call,1517.441031,-2,7,0,6,402,1
Elevator call,1525.347465,-9,67,0,8,403,1
Elevator call,1528.783365,-8,66,0,9,404,1
Elevator call,1533.499355,71,-9,0,7,405,-1
Elevator call,1543.828203,-3,-7,0,1,406,-1
Elevator call,1550.473999,44,-9,0,0,407,-1
Elevator call,1559.088275,-8,0,0,1,408,1
Elevator call,1559.50033,78,-5,0,8,409,-1
Elevator call,1559.678365,-4,45,0,5,410,1
Elevator call,1560.31333,-6,94,0,7,411,1
Elevator call,1560.697737,18,-2,0,3,412,-1
Elevator call,1563.962177,23,-7,0,0,413,-1
Elevator call,1567.038548,-6,-3,0,6,414,1
Elevator call,1567.767739,-9,65,0,1,415,1
Elevator call,1570.167292,-9,35,0,2,416,1
Elevator call,1570.351576,11,-6,0,4,417,-1
Elevator call,1573.033743,-9,58,0,0,418,1
Elevator call,1581.241828,30,-4,0,7,419,-1
Elevator call,1586.714939,58,0,0,8,420,-1
Elevator call,1589.391087,-7,0,0,6,421,1
Elevator call,1589.903824,-9,39,0,3,422,1
Elevator call,1592.275142,-4,-2,0,4,423,1
Elevator call,1592.313241,0,44,0,7,424,1
Elevator call,1596.345914,-6,71,0,2,425,1
Elevator call,1602.499277,-4,85,0,1,426,1
Elevator call,1602.999151,-4,68,0,5,427,1
Elevator call,1605.97942,-2,-3,0,0,428,-1
Elevator call,1606.411933,15,0,0,8,429,-1
Elevator call,1607.572468,53,-9,0,9,430,-1
Elevator call,1608.28375,-4,26,0,0,431,1
Elevator call,1611.498526,-7,74,0,4,432,1
Elevator call,1613.330044,91,-3,0,7,433,-1
Elevator call,1614.981987,-5,-2,0,6,434,1
Elevator call,1616.49582,-6,4,0,8,435,1
Elevator call,1620.671906,-8,-9,0,3,436,-1
Elevator call,1621.852028,-5,67,0,0,437,1
Elevator call,1625.292399,-6,-7,0,1,438,-1
Elevator call,1626.981395,-8,6,0,1,439,1
Elevator call,1631.926758,43,-3,0,2,440,-1
Elevator call,1632.302184,-3,89,0,8,441,1
Elevator call,1638.087675,59,99,0,5,442,1
Elevator call,1639.789215,21,-8,0,7,443,-1
Elevator call,1642.775039,-7,10,0,3,444,1
Elevator call,1644.574137,52,8,0,0,445,-1
Elevator call,1646.806422,2,3,0,6,446,1
Elevator call,1651.811879,-3,100,0,1,447,1
Elevator call,1652.543662,0,-2,0,7,448,-1
Elevator call,1655.056199,0,33,0,6,449,1
Elevator call,1657.066046,86,34,0,8,450,-1
Elevator call,1659.267827,10,27,0,3,451,1
Elevator call,1660.012462,29,25,0,0,452,-1
Elevator call,1662.372724,-4,7,0,2,453,1
Elevator call,1671.514249,87,-2,0,4,454,-1
Elevator call,1671.596393,96,65,0,7,455,-1
Elevator call,1673.026238,-3,-7,0,9,456,-1
Elevator call,1674.993217,6,-9,0,0,457,-1
Elevator call,1676.555648,79,-6,0,1,458,-1
Elevator call,1678.320417,59,34,0,8,459,-1
Elevator call,1680.297341,-3,23,0,2,460,1
Elevator call,1680.638771,-9,34,0,0,461,1
Elevator call,1680.741731,5,-8,0,3,462,-1
Elevator call,1682.832711,-9,-2,0,9,463,1
Elevator call,1688.896319,-7,-8,0,7,464,-1
Elevator call,1693.027601,90,-9,0,5,465,-1
Elevator call,1693.708372,2,-3,0,8,466,-1
Elevator call,1698.778966,1,-3,0,7,467,-1
Elevator call,1699.477626,-6,-7,0,3,468,-1
Elevator call,1701.012443,-4,75,0,8,469,1
Elevator call,1701.711736,-4,14,0,0,470,1
Elevator call,1703.465566,-1,0,0,2,471,1
Elevator call,1705.765361,-7,33,0,1,472,1
Elevator call,1712.627007,70,89,0,6,473,1
Elevator call,1721.777661,61,93,0,7,474,1
Elevator call,1722.23748,-6,-3,0,9,475,1
Elevator call,1725.141688,-8,-4,0,0,476,1
Elevator call,1731.011668,-9,-2,0,2,477,1
Elevator call,1731.556282,-7,91,0,3,478,1
Elevator call,1732.123299,-1,-7,0,0,479,-1
Elevator call,1732.744419,-2,93,0,4,480,1
Elevator call,1737.612644,69,-5,0,8,481,-1
Elevator call,1738.368638,19,0,0,1,482,-1
Elevator call,1738.617367,86,-2,0,7,483,-1
Elevator call,1739.836016,57,-7,0,0,484,-1
Elevator call,1741.972932,68,-3,0,1,485,-1
Elevator call,1742.140568,-8,98,0,9,486,1
Elevator call,1742.470418,0,-8,0,2,487,-1
Elevator call,1751.821931,52,-3,0,8,488,-1
Elevator call,1753.294068,35,0,0,7,489,-1
Elevator call,1771.003102,91,0,0,3,490,-1
Elevator call,1771.692448,-1,-3,0,5,491,-1
Elevator call,1778.021055,0,2,0,0,492,1
Elevator call,1780.390234,-1,-4,0,2,493,-1
Elevator call,1781.414023,29,0,0,0,494,-1
Elevator call,1783.235146,-3,-1,0,8,495,1
Elevator call,1784.268625,8,-4,0,7,496,-1
Elevator call,1794.385907,54,-9,0,1,497,-1
Elevator call,1794.830849,-5,79,0,5,498,1
Elevator call,1796.016539,-5,49,0,8,499,1
Elevator call,1797.310664,-8,-4,0,2,500,1
Elevator call,1801.704885,-1,13,0,0,501,1
Elevator call,1801.989954,-9,3,0,7,502,1
Elevator call,1803.43503,-9,40,0,0,503,1
Elevator call,1813.045498,3,-1,0,7,504,-1
Elevator call,1816.671009,0,-7,0,8,505,-1
Elevator call,1831.362319,-7,-9,0,2,506,-1
Elevator call,1832.629196,-1,-6,0,4,507,-1
Elevator call,1834.73304,47,-2,0,6,508,-1
Elevator call,1836.885196,-7,91,0,4,509,1
Elevator call,1837.88098,36,24,0,8,510,-1
Elevator call,1847.226237,-6,-2,0,1,511,1
Elevator call,1851.217821,63,-9,0,0,512,-1
Elevator call,1855.64438,88,-2,0,9,513,-1
Elevator call,1858.279713,0,-2,0,7,514,-1
Elevator call,1859.275589,91,-5,0,5,515,-1
Elevator call,1861.801855,-6,8,0,3,516,1
Elevator call,1865.568705,-5,-3,0,7,517,1
Elevator call,1866.6531,-6,-7,0,1,518,-1
Elevator call,1867.450676,-2,-1,0,2,519,1
Elevator call,1870.506223,35,0,0,8,520,-1
Elevator call,1871.27138,0,-2,0,7,521,-1
Elevator call,1875.340473,-4,14,0,1,522,1
Elevator call,1882.339078,-8,21,0,3,523,1
Elevator call,1882.577484,0,-3,0,0,524,-1
Elevator call,1886.393081,-9,34,0,8,525,1
Elevator call,1888.38893,11,-2,0,7,526,-1
Elevator call,1888.50234,28,0,0,2,527,-1
Elevator call,1888.773494,-5,81,0,6,528,1
Elevator call,1890.153546,38,-7,0,0,529,-1
Elevator call,1891.391803,64,-6,0,4,530,-1
Elevator call,1893.045383,49,-6,0,1,531,-1
Elevator call,1895.732191,34,-4,0,8,532,-1
Elevator call,1897.852121,14,-8,0,7,533,-1
Elevator call,1900.601999,-6,-8,0,3,534,-1
Elevator call,1903.095706,-1,88,0,0,535,1
Elevator call,1903.737489,57,-7,0,7,536,-1
Elevator call,1908.206162,-6,-4,0,2,537,1
Elevator call,1909.786473,51,-1,0,8,538,-1
Elevator call,1912.261822,-8,45,0,1,539,1
Elevator call,1914.042474,56,0,0,0,540,-1
Elevator call,1922.956213,99,-4,0,3,541,-1
Elevator call,1923.003669,-7,-9,0,2,542,-1
Elevator call,1923.247262,82,-8,0,7,543,-1
Elevator call,1923.710209,0,-3,0,8,544,-1
Elevator call,1927.077814,83,-4,0,1,545,-1
Elevator call,1928.676183,23,0,0,5,546,-1
Elevator call,1931.214262,-6,28,0,8,547,1
Elevator call,1932.890325,-1,11,0,9,548,1
Elevator call,1933.199724,-5,0,0,4,549,1
Elevator call,1935.240033,-9,4,0,0,550,1
Elevator call,1935.693567,2,49,0,2,551,1
Elevator call,1936.700714,-7,98,0,7,552,1
Elevator call,1941.075727,34,-3,0,8,553,-1
Elevator call,1943.813247,-6,-3,0,0,554,1
Elevator call,1947.913471,69,-8,0,6,555,-1
Elevator call,1949.784947,72,0,0,0,556,-1
Elevator call,1950.1322,-7,71,0,5,557,1
Elevator call,1950.492707,56,-4,0,2,558,-1
Elevator call,1951.576247,27,-3,0,4,559,-1
Elevator call,1953.945775,46,-5,0,1,560,-1
Elevator call,1958.399312,-8,-2,0,3,561,1
Elevator call,1958.494071,0,39,0,9,562,1
Elevator call,1963.590247,16,-6,0,8,563,-1
Elevator call,1969.983244,70,-6,0,7,564,-1
Elevator call,1976.787002,32,-4,0,8,565,-1
Elevator call,1980.215421,-5,69,0,3,566,1
Elevator call,1981.233347,-6,-1,0,0,567,1
Elevator call,1986.937876,0,86,0,1,568,1
Elevator call,1988.441771,-8,-2,0,4,569,1
Elevator call,1988.537767,96,-3,0,7,570,-1
Elevator call,1988.877107,34,-7,0,9,571,-1
Elevator call,1989.391235,56,-5,0,8,572,-1
Elevator call,1991.713841,-3,51,0,0,573,1
Elevator call,1992.831118,54,10,0,5,574,-1
Elevator call,1995.508614,94,-4,0,1,575,-1
Elevator call,1999.785461,92,0,0,0,576,-1
Elevator call,1999.981402,-4,83,0,2,577,1
Elevator call,2001.66232,-6,67,0,4,578,1
Elevator call,2004.233893,-6,-7,0,8,579,-1
Elevator call,2004.848611,78,-5,0,3,580,-1
Elevator call,2006.79908,60,-5,0,7,581,-1
Elevator call,2011.196694,23,0,0,8,582,-1
Elevator call,2017.559123,55,-8,0,2,583,-1
Elevator call,2018.990212,52,-6,0,0,584,-1
Elevator call,2019.148009,-6,-3,0,8,585,1
Elevator call,2020.494388,0,13,0,7,586,1
Elevator call,2020.90337,74,89,0,4,587,1
Elevator call,2021.114958,-8,12,0,9,588,1
Elevator call,2022.312162,38,-9,0,1,589,-1
Elevator call,2024.441511,-4,0,0,5,590,1
Elevator call,2025.060273,-3,0,0,8,591,1
Elevator call,2032.228737,-5,11,0,6,592,1
Elevator call,2034.220122,-2,28,0,7,593,1
Elevator call,2043.218947,62,-4,0,0,594,-1
Elevator call,2044.08132,-8,34,0,8,595,1
Elevator call,2047.631087,9,-3,0,3,596,-1
Elevator call,2049.94872,0,99,0,5,597,1
Elevator call,2056.375684,51,-5,0,7,598,-1
Elevator call,2058.487864,16,-9,0,1,599,-1
Elevator call,2059.661692,45,-3,0,8,600,-1
Elevator call,2062.977255,51,-6,0,0,601,-1
Elevator call,2066.616608,32,-6,0,9,602,-1
Elevator call,2067.500397,-2,-5,0,2,603,-1
Elevator call,2074.12584,-9,23,0,3,604,1
Elevator call,2074.500029,81,-2,0,7,605,-1
Elevator call,2074.667511,24,-6,0,6,606,-1
Elevator call,2082.350297,-8,10,0,1,607,1
Elevator call,2082.550352,-4,-1,0,2,608,1
Elevator call,2087.091861,35,-1,0,8,609,-1
Elevator call,2088.076238,0,-1,0,0,610,-1
Elevator call,2091.618008,-3,49,0,1,611,1
Elevator call,2097.679512,47,-6,0,4,612,-1
Elevator call,2098.05535,-3,19,0,0,613,1
Elevator call,2101.269852,-9,10,0,8,614,1
Elevator call,2107.447303,26,-3,0,3,615,-1
Elevator call,2112.890186,19,67,0,7,616,1
Elevator call,2119.444677,5,-3,0,2,617,-1
Elevator call,2122.398877,-5,-1,0,9,618,1
Elevator call,2129.204756,8,68,0,8,619,1
Elevator call,2131.612662,-8,61,0,0,620,1
Elevator call,2134.595856,65,28,0,5,621,-1
Elevator call,2143.873273,23,-7,0,1,622,-1
Elevator call,2146.802766,14,-8,0,7,623,-1
Elevator call,2156.60165,-4,48,0,6,624,1
Elevator call,2156.923235,4,-8,0,2,625,-1
Elevator call,2158.788625,-3,89,0,3,626,1
Elevator call,2159.671983,18,-5,0,0,627,-1
Elevator call,2169.092846,-2,29,0,1,628,1
Elevator call,2176.554304,-6,-4,0,7,629,1
Elevator call,2179.555451,0,10,0,9,630,1
Elevator call,2196.756895,65,-4,0,8,631,-1
Elevator call,2201.175939,-7,63,0,4,632,1
Elevator call,2206.353414,58,-4,0,7,633,-1
Elevator call,2208.811271,20,-9,0,0,634,-1
Elevator call,2209.267203,-3,-8,0,2,635,-1
Elevator call,2210.749768,-8,23,0,8,636,1
Elevator call,2216.685627,94,-2,0,1,637,-1
Elevator call,2219.23229,86,-1,0,3,638,-1
Elevator call,2220.754005,2,-2,0,5,639,-1
Elevator call,2223.412421,6,-7,0,9,640,-1
Elevator call,2227.620379,-6,-7,0,0,641,-1
Elevator call,2229.338715,-3,-7,0,2,642,-1
Elevator call,2231.994337,-8,99,0,7,643,1
Elevator call,2236.217632,80,-8,0,8,644,-1
Elevator call,2237.80624,-4,-9,0,5,645,-1
Elevator call,2240.644976,85,0,0,0,646,-1
Elevator call,2251.593892,87,93,0,4,647,1
Elevator call,2261.813006,81,-6,0,7,648,-1
Elevator call,2265.817007,78,-3,0,6,649,-1
Elevator call,2267.190352,21,-2,0,2,650,-1
Elevator call,2268.310348,56,-9,0,1,651,-1
Elevator call,2269.073936,22,-9,0,9,652,-1
Elevator call,2276.521427,64,-6,0,8,653,-1
Elevator call,2277.043986,97,-4,0,0,654,-1
Elevator call,2289.137032,-6,8,0,5,655,1
Elevator call,2292.520493,-8,54,0,2,656,1
Elevator call,2296.090658,69,-9,0,3,657,-1
Elevator call,2296.412085,-2,73,0,7,658,1
Elevator call,2297.493945,73,-8,0,8,659,-1
Elevator call,2297.867956,-1,30,0,5,660,1
Elevator call,2300.692762,0,96,0,1,661,1
Elevator call,2300.856361,82,-1,0,4,662,-1
Elevator call,2304.326854,0,26,0,0,663,1
Elevator call,2312.520976,84,24,0,7,664,-1
Elevator call,2312.727358,2,0,0,9,665,-1
Elevator call,2317.148358,40,-7,0,0,666,-1
Elevator call,2318.237604,-4,-7,0,8,667,-1
Elevator call,2320.286064,52,0,0,2,668,-1
Elevator call,2325.075166,19,-7,0,5,669,-1
Elevator call,2326.7275,-4,-7,0,9,670,-1
Elevator call,2330.543285,-1,-7,0,1,671,-1
Elevator call,2332.190683,42,-9,0,7,672,-1
Elevator call,2340.317713,-2,-9,0,8,673,-1
Elevator call,2340.469944,-9,-7,0,3,674,1
Elevator call,2342.026232,81,-9,0,1,675,-1
Elevator call,2344.805768,38,-6,0,0,676,-1
Elevator call,2354.428601,1,-5,0,8,677,-1
Elevator call,2363.072033,-9,66,0,9,678,1
Elevator call,2368.708412,97,34,0,8,679,-1
Elevator call,2376.128564,64,-4,0,7,680,-1
Elevator call,2380.064034,58,22,0,0,681,-1
Elevator call,2386.125102,-1,61,0,3,682,1
Elevator call,2387.777657,0,66,0,5,683,1
Elevator call,2388.32368,-3,-7,0,2,684,-1
Elevator call,2393.426316,-5,-9,0,6,685,-1
Elevator call,2393.760326,-1,65,0,4,686,1
Elevator call,2393.766844,94,-5,0,1,687,-1
Elevator call,2394.736767,-4,-5,0,2,688,-1
Elevator call,2397.865864,8,-6,0,0,689,-1
Elevator call,2398.917669,79,-3,0,3,690,-1
Elevator call,2399.778892,-8,2,0,7,691,1
Elevator call,2407.547511,-8,-2,0,8,692,1
Elevator call,2407.695313,-6,-2,0,0,693,1
Elevator call,2409.135784,0,-1,0,7,694,-1
Elevator call,2409.932584,-9,-6,0,6,695,1
Elevator call,2415.078751,9,-1,0,8,696,-1
Elevator call,2417.806233,81,-8,0,5,697,-1
Elevator call,2421.860188,23,-2,0,2,698,-1
Elevator call,2427.443079,0,-3,0,0,699,-1
Elevator call,2430.79447,64,-3,0,9,700,-1
Elevator call,2432.912149,61,16,0,7,701,-1
Elevator call,2433.272527,64,-6,0,4,702,-1
Elevator call,2433.478494,-5,4,0,8,703,1
Elevator call,2433.972221,0,31,0,1,704,1
Elevator call,2435.636974,79,-6,0,0,705,-1
Elevator call,2437.305054,-5,10,0,6,706,1
Elevator call,2444.950234,-4,45,0,8,707,1
Elevator call,2457.877772,35,-3,0,7,708,-1
Elevator call,2458.002614,70,-4,0,1,709,-1
Elevator call,2463.652558,-3,-2,0,2,710,1
Elevator call,2473.56195,-3,60,0,3,711,1
Elevator call,2476.011393,79,-4,0,8,712,-1
Elevator call,2478.035921,7,43,0,0,713,1
Elevator call,2479.331922,-9,-1,0,7,714,1
Elevator call,2490.917888,23,-3,0,2,715,-1
Elevator call,2491.350801,-8,-1,0,7,716,1
Elevator call,2491.766358,-9,-4,0,6,717,1
Elevator call,2497.236454,11,0,0,0,718,-1
Elevator call,2497.979024,99,-5,0,3,719,-1
Elevator call,2498.91739,11,-8,0,1,720,-1
Elevator call,2499.399556,-1,-7,0,8,721,-1
Elevator call,2501.946976,4,-4,0,7,722,-1
Elevator call,2503.111978,18,-1,0,0,723,-1
Elevator call,2504.434259,37,-5,0,8,724,-1
Elevator call,2511.639347,-4,-7,0,5,725,-1
Elevator call,2518.459694,0,-9,0,4,726,-1
Elevator call,2520.90499,-2,45,0,2,727,1
Elevator call,2522.000331,69,-1,0,7,728,-1
Elevator call,2530.125233,59,-4,0,1,729,-1
Elevator call,2536.164449,-8,22,0,6,730,1
Elevator call,2538.400763,-9,96,0,0,731,1
Elevator call,2540.714301,66,-8,0,8,732,-1
Elevator call,2541.256971,80,-7,0,0,733,-1
Elevator call,2546.259941,63,15,0,2,734,-1
Elevator call,2546.955571,-4,-9,0,9,735,-1
Elevator call,2547.950338,-3,86,0,5,736,1
Elevator call,2548.361291,-1,-2,0,4,737,-1
Elevator call,2549.673809,0,65,0,7,738,1
Elevator call,2550.080016,2,-8,0,1,739,-1
Elevator call,2560.494081,95,-8,0,7,740,-1
Elevator call,2564.029528,94,-3,0,8,741,-1
Elevator call,2571.73215,94,-2,0,5,742,-1
Elevator call,2571.737027,83,-7,0,1,743,-1
Elevator call,2576.409606,-7,-5,0,9,744,1
Elevator call,2579.178227,18,-5,0,4,745,-1
Elevator call,2580.948016,-9,-1,0,3,746,1
Elevator call,2580.975494,-4,73,0,9,747,1
Elevator call,2594.276132,24,-6,0,6,748,-1
Elevator call,2598.898292,-7,60,0,0,749,1
Elevator call,2601.72079,18,-7,0,2,750,-1
Elevator call,2604.674883,-7,21,0,4,751,1
Elevator call,2608.56034,6,-5,0,3,752,-1
Elevator call,2610.4888,-3,-8,0,8,753,-1
Elevator call,2612.903585,-8,81,0,7,754,1
Elevator call,2618.218674,-2,67,0,0,755,1
Elevator call,2623.479597,63,-6,0,8,756,-1
Elevator call,2634.863545,0,-8,0,1,757,-1
Elevator call,2637.335359,-7,-4,0,3,758,1
Elevator call,2637.923635,34,0,0,0,759,-1
Elevator call,2639.635729,1,-7,0,2,760,-1
Elevator call,2641.293534,1,0,0,6,761,-1
Elevator call,2643.633797,33,-5,0,4,762,-1
Elevator call,2643.825518,2,-4,0,1,763,-1
Elevator call,2647.403126,-9,11,0,7,764,1
Elevator call,2654.042228,-7,-1,0,8,765,1
Elevator call,2656.316032,48,-8,0,7,766,-1
Elevator call,2657.725414,0,-3,0,0,767,-1
Elevator call,2660.520117,97,61,0,9,768,-1
Elevator call,2660.993946,-7,74,0,2,769,1
Elevator call,2662.150524,0,90,0,3,770,1
Elevator call,2664.579433,-4,75,0,1,771,1
Elevator call,2668.075055,-7,80,0,6,772,1
Elevator call,2669.26541,-3,79,0,8,773,1
Elevator call,2669.845524,-5,87,0,0,774,1
Elevator call,2672.39374,81,46,0,1,775,-1
Elevator call,2676.096466,-4,81,0,7,776,1
Elevator call,2677.328528,31,0,0,8,777,-1
Elevator call,2680.666614,-8,-5,0,5,778,1
Elevator call,2700.114344,78,-9,0,0,779,-1
Elevator call,2700.494226,-9,35,0,4,780,1
Elevator call,2701.735611,35,-7,0,2,781,-1
Elevator call,2705.342014,-8,-7,0,8,782,1
Elevator call,2706.170803,3,-9,0,7,783,-1
Elevator call,2707.504595,64,-8,0,3,784,-1
Elevator call,2709.973116,56,-9,0,1,785,-1
Elevator call,2723.522121,0,46,0,5,786,1
Elevator call,2724.925598,-4,57,0,7,787,1
Elevator call,2728.310452,26,-6,0,8,788,-1
Elevator call,2731.305019,-5,38,0,0,789,1
Elevator call,2732.352903,81,-1,0,7,790,-1
Elevator call,2733.476771,-3,33,0,2,791,1
Elevator call,2734.472551,69,-6,0,4,792,-1
Elevator call,2737.835372,97,-1,0,0,793,-1
Elevator call,2743.842583,72,-5,0,8,794,-1
Elevator call,2747.09219,93,-6,0,6,795,-1
Elevator call,2754.003578,54,0,0,5,796,-1
Elevator call,2758.530516,61,0,0,9,797,-1
Elevator call,2759.732309,54,0,0,3,798,-1
Elevator call,2759.779776,8,0,0,1,799,-1
Elevator call,2761.945149,32,-4,0,2,800,-1
Elevator call,2762.974905,35,40,0,7,801,1
Elevator call,2763.829378,-7,96,0,8,802,1
Elevator call,2776.395665,-5,0,0,1,803,1
Elevator call,2777.893369,-3,-7,0,0,804,-1
Elevator call,2778.715831,21,-9,0,7,805,-1
Elevator call,2780.938484,27,-6,0,1,806,-1
Elevator call,2783.485534,52,-8,0,0,807,-1
Elevator call,2783.954607,61,0,0,8,808,-1
Elevator call,2784.415443,37,-8,0,3,809,-1
Elevator call,2785.805961,99,46,0,7,810,-1
Elevator call,2787.008016,-4,-2,0,2,811,1
Elevator call,2789.765039,74,-6,0,0,812,-1
Elevator call,2791.818999,-6,-7,0,4,813,-1
Elevator call,2799.061618,-4,35,0,5,814,1
Elevator call,2802.048721,37,-6,0,1,815,-1
Elevator call,2809.599732,91,0,0,8,816,-1
Elevator call,2809.902598,42,-1,0,7,817,-1
Elevator call,2812.905131,-1,-9,0,2,818,-1
Elevator call,2816.487081,-5,39,0,4,819,1
Elevator call,2820.486751,32,-9,0,3,820,-1
Elevator call,2825.241615,0,7,0,9,821,1
Elevator call,2825.39056,-8,54,0,1,822,1
Elevator call,2833.116707,-5,42,0,0,823,1
Elevator call,2837.578377,-3,50,0,2,824,1
Elevator call,2841.689749,65,26,0,5,825,-1
Elevator call,2846.977159,99,-9,0,7,826,-1
Elevator call,2853.836618,-5,77,0,8,827,1
Elevator call,2854.516141,-4,91,0,9,828,1
Elevator call,2861.613116,10,-3,0,0,829,-1
Elevator call,2864.650766,-7,-1,0,3,830,1
Elevator call,2865.448204,59,-8,0,1,831,-1
Elevator call,2866.575886,91,-9,0,8,832,-1
Elevator call,2870.279989,5,-1,0,4,833,-1
Elevator call,2873.176479,-1,-6,0,0,834,-1
Elevator call,2876.734795,11,0,0,2,835,-1
Elevator call,2877.836875,61,-4,0,0,836,-1
Elevator call,2879.606913,-1,43,0,4,837,1
Elevator call,2882.084239,25,-4,0,7,838,-1
Elevator call,2884.392169,-9,-8,0,3,839,1
Elevator call,2889.39053,83,-9,0,1,840,-1
Elevator call,2889.741508,-8,52,0,2,841,1
Elevator call,2889.998338,31,-7,0,5,842,-1
Elevator call,2898.976397,-2,-9,0,7,843,-1
Elevator call,2905.530174,48,-9,0,8,844,-1
Elevator call,2911.8607,38,-6,0,0,845,-1
Elevator call,2913.538578,79,-6,0,7,846,-1
Elevator call,2922.463153,0,-1,0,6,847,-1
Elevator call,2925.342912,4,-5,0,3,848,-1
Elevator call,2930.192804,16,-8,0,4,849,-1
Elevator call,2932.036794,0,-9,0,6,850,-1
Elevator call,2940.164677,20,-5,0,8,851,-1
Elevator call,2940.478837,2,0,0,0,852,-1
Elevator call,2941.339945,21,-3,0,3,853,-1
Elevator call,2951.40339,-4,93,0,1,854,1
Elevator call,2954.918257,76,-4,0,9,855,-1
Elevator call,2960.356547,53,-1,0,2,856,-1
Elevator call,2960.461192,9,-9,0,0,857,-1
Elevator call,2969.113964,39,-2,0,8,858,-1
Elevator call,2973.176393,72,-6,0,7,859,-1
Elevator call,2981.980305,50,-3,0,5,860,-1
Elevator call,2981.992526,95,-6,0,1,861,-1
Elevator call,2982.204874,47,-3,0,0,862,-1
Elevator call,2983.163119,7,-6,0,4,863,-1
Elevator call,2983.656296,56,47,0,8,864,-1
Elevator call,2985.776774,-7,-3,0,6,865,1
Elevator call,2989.059336,69,-8,0,3,866,-1
Elevator call,2993.11191,73,0,0,7,867,-1
Elevator call,2995.135427,25,-2,0,0,868,-1
Elevator call,2996.487948,-8,39,0,2,869,1
Elevator call,3007.824757,-5,-8,0,6,870,-1
Elevator call,3009.710502,72,-9,0,8,871,-1
Elevator call,3011.435999,58,-6,0,4,872,-1
Elevator call,3016.032336,78,-6,0,0,873,-1
Elevator call,3019.477665,-5,-6,0,5,874,-1
Elevator call,3021.135621,74,-8,0,7,875,-1
Elevator call,3023.110571,38,0,0,2,876,-1
Elevator call,3025.195252,0,48,0,6,877,1
Elevator call,3026.32165,82,-7,0,1,878,-1
Elevator call,3030.525445,0,-1,0,8,879,-1
Elevator call,3032.782318,-7,-2,0,3,880,1
Elevator call,3034.985832,54,-3,0,8,881,-1
Elevator call,3035.238244,15,-9,0,5,882,-1
Elevator call,3035.292344,35,-9,0,0,883,-1
Elevator call,3036.197291,82,-6,0,7,884,-1
Elevator call,3047.532583,12,-8,0,9,885,-1
Elevator call,3047.7822,82,-8,0,3,886,-1
Elevator call,3049.367269,23,-4,0,2,887,-1
Elevator call,3052.233848,59,0,0,0,888,-1
Elevator call,3052.28298,56,-2,0,8,889,-1
Elevator call,3054.916027,-4,-9,0,4,890,-1
Elevator call,3059.469196,100,-3,0,1,891,-1
Elevator call,3060.792302,56,-6,0,6,892,-1
Elevator call,3061.371336,-6,-7,0,5,893,-1
Elevator call,3063.224347,95,-5,0,7,894,-1
Elevator call,3068.352714,74,-4,0,0,895,-1
Elevator call,3072.445286,-2,47,0,9,896,1
Elevator call,3074.042025,-3,-8,0,4,897,-1
Elevator call,3077.657273,30,-8,0,8,898,-1
Elevator call,3078.757275,-7,-8,0,2,899,-1
Elevator call,3091.311992,6,-7,0,5,900,-1
Elevator call,3091.456586,-3,67,0,4,901,1
Elevator call,3101.527768,35,-1,0,8,902,-1
Elevator call,3102.052035,83,-1,0,1,903,-1
Elevator call,3103.269631,38,-4,0,7,904,-1
Elevator call,3107.968275,13,-2,0,3,905,-1
Elevator call,3110.160473,38,-1,0,0,906,-1
Elevator call,3128.543446,65,0,0,2,907,-1
Elevator call,3132.278846,-4,76,0,5,908,1
Elevator call,3133.823406,73,-3,0,8,909,-1
Elevator call,3135.63273,50,-3,0,9,910,-1
Elevator call,3154.179757,-1,53,0,7,911,1
Elevator call,3161.73812,62,-1,0,0,912,-1
Elevator call,3164.602342,-7,-8,0,3,913,-1
Elevator call,3164.760864,63,0,0,7,914,-1
Elevator call,3168.071064,29,-3,0,1,915,-1
Elevator call,3168.90544,14,-5,0,8,916,-1
Elevator call,3169.579805,100,-5,0,4,917,-1
Elevator call,3172.136572,-9,-10,0,3,918,-1
Elevator call,3181.073099,100,-5,0,0,919,-1
Elevator call,3186.328347,84,-3,0,5,920,-1
Elevator call,3187.33121,81,-6,0,2,921,-1
Elevator call,3193.170353,21,-2,0,8,922,-1
Elevator call,3196.536779,-5,-8,0,1,923,-1
Elevator call,3203.239823,24,10,0,7,924,-1
Elevator call,3206.583787,-6,-7,0,6,925,-1
Elevator call,3209.467941,21,-7,0,3,926,-1
Elevator call,3210.470139,-4,57,0,1,927,1
Elevator call,3215.353695,-5,-7,0,8,928,-1
Elevator call,3219.534396,74,-1,0,7,929,-1
Elevator call,3227.995156,66,-8,0,0,930,-1
Elevator call,3237.557662,3,-4,0,8,931,-1
Elevator call,3246.904411,94,-6,0,1,932,-1
Elevator call,3249.535999,32,-4,0,8,933,-1
Elevator call,3253.191219,-4,-3,0,6,934,1
Elevator call,3255.804019,46,-1,0,3,935,-1
Elevator call,3285.000234,58,40,0,7,936,-1
Elevator call,3292.462087,0,-1,0,9,937,-1
Elevator call,3294.768278,30,-2,0,2,938,-1
Elevator call,3296.689767,85,-4,0,0,939,-1
Elevator call,3309.062436,-2,0,0,6,940,1
Elevator call,3323.659464,-1,0,0,9,941,1
Elevator call,3326.434327,45,34,0,8,942,-1
Elevator call,3332.725419,-3,-6,0,4,943,-1
Elevator call,3333.236344,0,93,0,7,944,1
Elevator call,3337.33778,62,-1,0,8,945,-1
Elevator call,3338.991892,78,-5,0,7,946,-1
Elevator call,3342.801671,11,-6,0,9,947,-1
Elevator call,3348.058239,61,-5,0,3,948,-1
Elevator call,3349.030209,78,-9,0,0,949,-1
Elevator call,3358.732301,17,-5,0,2,950,-1
Elevator call,3361.452189,-7,-4,0,5,951,1
Elevator call,3377.474973,55,-1,0,1,952,-1
Elevator call,3381.448656,99,-2,0,8,953,-1
Elevator call,3383.033649,29,-2,0,6,954,-1
Elevator call,3389.598101,7,-9,0,4,955,-1
Elevator call,3390.483991,59,-5,0,2,956,-1
Elevator call,3402.79779,89,-9,0,0,957,-1
Elevator call,3404.667236,18,0,0,5,958,-1
Elevator call,3406.427128,64,-9,0,1,959,-1
Elevator call,3418.850556,37,-6,0,7,960,-1
Elevator call,3421.142153,49,-2,0,3,961,-1
Elevator call,3432.015018,-1,-2,0,9,962,-1
Elevator call,3443.298161,0,-4,0,4,963,-1
Elevator call,3444.440376,29,-6,0,8,964,-1
Elevator call,3449.5545,-7,-6,0,9,965,1
Elevator call,3458.884231,2,-2,0,5,966,-1
Elevator call,3462.982532,100,-9,0,7,967,-1
Elevator call,3468.046458,20,-7,0,0,968,-1
Elevator call,3472.570879,70,54,0,1,969,-1
Elevator call,3473.987674,53,51,0,4,970,-1
Elevator call,3475.97148,55,-3,0,8,971,-1
Elevator call,3488.540748,-8,-7,0,6,972,1
Elevator call,3489.15012,65,-3,0,2,973,-1
Elevator call,3492.987925,66,30,0,0,974,-1
Elevator call,3495.7964,45,-9,0,5,975,-1
Elevator call,3496.352615,46,-3,0,3,976,-1
Elevator call,3499.818242,35,21,0,9,977,-1
Elevator call,3500.714613,70,-3,0,1,978,-1
Elevator call,3500.87531,9,-6,0,6,979,-1
Elevator call,3502.752307,1,-9,0,7,980,-1
Elevator call,3509.477687,98,88,0,8,981,-1
Elevator call,3509.931153,13,-5,0,0,982,-1
Elevator call,3518.142403,0,-4,0,7,983,-1
Elevator call,3519.964551,-8,-3,0,7,984,1
Elevator call,3520.139019,89,-5,0,4,985,-1
Elevator call,3521.639327,86,34,0,8,986,-1
Elevator call,3529.273455,-4,-7,0,2,987,-1
Elevator call,3534.064926,56,0,0,0,988,-1
Elevator call,3537.825789,-4,0,0,6,989,1
Elevator call,3539.773236,58,-7,0,3,990,-1
Elevator call,3546.241432,46,0,0,9,991,-1
Elevator call,3556.76523,5,-2,0,1,992,-1
Elevator call,3560.31433,98,-4,0,7,993,-1
Elevator call,3561.0016,89,22,0,0,994,-1
Elevator call,3561.34219,54,-9,0,5,995,-1
Elevator call,3583.573434,4,-9,0,2,996,-1
Elevator call,3589.244485,-5,-3,0,1,997,1
Elevator call,3592.591803,-8,-1,0,6,998,1
Elevator call,3596.190305,85,69,0,8,999,-1
